{
  "services" : [ {
    "serviceType" : "Measurements",
    "description" : "Temperature, humidity and pressure measurements",
    "commands" : [],
    "properties" : [ 
	{
      "propertyName" : "temperature",
      "dataType" : "decimal",
      "required" : true,
      "min" : "-100",
      "max" : "200",
      "step" : 1.0,
      "maxLength" : 0,
      "method" : "R",
      "unit" : "C",
      "enumList" : null
    },
{
      "propertyName" : "humidity",
      "dataType" : "decimal",
      "required" : true,
      "min" : "0",
      "max" : "100",
      "step" : 1.0,
      "maxLength" : 0,
      "method" : "R",
      "unit" : "%",
      "enumList" : null
    },
{
      "propertyName" : "pressure",
      "dataType" : "decimal",
      "required" : true,
      "min" : "0",
      "max" : "2000",
      "step" : 1.0,
      "maxLength" : 0,
      "method" : "R",
      "unit" : "C",
      "enumList" : null
    }	]
  } ]
}
