{
  "services" : [ {
    "serviceType" : "Orientation",
    "description" : "Gyroscope measurements",
    "commands" : [],
    "properties" : [ 
	{
      "propertyName" : "x",
      "dataType" : "decimal",
      "required" : true,
      "min" : "-100",
      "max" : "200",
      "step" : 0.01,
      "maxLength" : 0,
      "method" : "R",
      "unit" : "g",
      "enumList" : null
    },
	{
      "propertyName" : "y",
      "dataType" : "decimal",
      "required" : true,
      "min" : "-100",
      "max" : "200",
      "step" : 0.01,
      "maxLength" : 0,
      "method" : "R",
      "unit" : "g",
      "enumList" : null
    },
	{
      "propertyName" : "z",
      "dataType" : "decimal",
      "required" : true,
      "min" : "-100",
      "max" : "200",
      "step" : 0.01,
      "maxLength" : 0,
      "method" : "R",
      "unit" : "g",
      "enumList" : null
    }	]
  } ]
}
