{
  "services": [
    {
      "serviceType": "Connectivity",
      "description": "",
      "commands": [],
      "properties": [
        {
          "propertyName": "messageId",
          "dataType": "int",
          "required": true,
          "min": "0",
          "max": "2147483647",
          "step": 0,
          "maxLength": 0,
          "method": "R",
          "unit": null,
          "enumList": null
        },
		{
          "propertyName": "cellID",
          "dataType": "int",
          "required": false,
          "min": "0",
          "max": "4294967295",
          "step": 0,
          "maxLength": 0,
          "method": "R",
          "unit": null,
          "enumList": null
        },
		{
          "propertyName": "signalStrength",
          "dataType": "int",
          "required": true,
          "min": "-250",
          "max": "150",
          "step": 0.1,
          "maxLength": 0,
          "method": "R",
          "unit": "dBm",
          "enumList": null
        },
        {
          "propertyName": "signalQuality",
          "dataType": "int",
          "required": true,
          "min": "-200",
          "max": "200",
          "step": 0.1,
          "maxLength": 0,
          "method": "R",
          "unit": "dB",
          "enumList": null
        },
        {
          "propertyName": "ECL",
          "dataType": "int",
          "required": false,
          "min": "0",
          "max": "3",
          "step": 1,
          "maxLength": 0,
          "method": "R",
          "unit": "",
          "enumList": null
        },
		{
          "propertyName": "SNR",
          "dataType": "int",
          "required": true,
          "min": "-200",
          "max": "200",
          "step": 1,
          "maxLength": 0,
          "method": "R",
          "unit": "dB",
          "enumList": null
        },
		{
          "propertyName": "RSSI",
          "dataType": "int",
          "required": true,
          "min": "-250",
          "max": "150",
          "step": 0.1,
          "maxLength": 0,
          "method": "R",
          "unit": "dBm",
          "enumList": null
        },
		{
          "propertyName": "PCI",
          "dataType": "int",
          "required": true,
          "min": "0",
          "max": "503",
          "step": 0,
          "maxLength": 0,
          "method": "R",
          "unit": null,
          "enumList": null
        },
		{
          "propertyName": "EARFCN",
          "dataType": "int",
          "required": true,
          "min": "0",
          "max": "2147483647",
          "step": 0,
          "maxLength": 0,
          "method": "R",
          "unit": null,
          "enumList": null
        }
      ],
      "events": null
    }
  ]
}