{
	"devices":[
	{	
		"manufacturerName":"oneSolutions",
		"manufacturerId":"oneSolutions",
		"model":"NBIoTPilot",
		"protocolType":"LWM2M",
		"deviceType":"pilot",
		"omCapability": {},	
		"serviceTypeCapabilities":[
		{
			"serviceId":"Measurements",
			"serviceType":"Measurements",
			"option":"Mandatory"
		},
		{
			"serviceId":"Acceleration",
			"serviceType":"Acceleration",
			"option":"Mandatory"
		},
				{
			"serviceId":"Orientation",
			"serviceType":"Orientation",
			"option":"Mandatory"
		},
		{	"serviceId":"Connectivity",
			"serviceType":"Connectivity",
			"option":"Mandatory"
		},
		{	"serviceId":"Time",
			"serviceType":"Time",
			"option":"Mandatory"
		}
	]
	}
]}